<?xml version="1.0" encoding="UTF-8"?>
<odoo>
  <data>

<!-- EXENTO -->
    <!-- Retenciones suss -->
        <record id="ri_tax_retencion_suss_sufrida" model="account.tax.template">
            <field name="chart_template_id" ref="l10n_ar.l10nar_ex_chart_template"/>
            <field name="name">Retención SUSS Sufrida</field>
            <field name="description">Ret SUSS S</field>
            <field name="sequence">10</field>
            <field name="amount_type">fixed</field>
            <field eval="0.0" name="amount"/>
            <field name="invoice_repartition_line_ids" eval="[(5, 0, 0),
                (0,0, {
                    'factor_percent': 100,
                    'repartition_type': 'base',
                }),

                (0,0, {
                    'factor_percent': 100,
                    'repartition_type': 'tax',
                    'account_id': ref('l10n_ar.base_retencion_suss_sufrida'),
                    'tag_ids': [(6, 0, [ref('l10n_ar_ux.tax_tag_a_cuenta_suss')])],
                }),
            ]"/>
            <field name="refund_repartition_line_ids" eval="[(5, 0, 0),
                (0,0, {
                    'factor_percent': 100,
                    'repartition_type': 'base',
                }),

                (0,0, {
                    'factor_percent': 100,
                    'repartition_type': 'tax',
                    'account_id': ref('l10n_ar.base_retencion_suss_sufrida'),
                    'tag_ids': [(6, 0, [ref('l10n_ar_ux.tax_tag_a_cuenta_suss')])],
                }),
            ]"/>
            <field name="type_tax_use">customer</field>
            <field name="tax_group_id" ref="account.tax_group_taxes"/>
        </record>

    <!-- Retenciones ganancias -->
        <record id="ri_tax_retencion_ganancias_sufrida" model="account.tax.template">
            <field name="chart_template_id" ref="l10n_ar.l10nar_ex_chart_template"/>
            <field name="name">Retención Ganancias Sufrida</field>
            <field name="description">Ret Ganancias S</field>
            <field name="sequence">4</field>
            <field name="amount_type">fixed</field>
            <field eval="0.0" name="amount"/>
            <field name="invoice_repartition_line_ids" eval="[(5, 0, 0),
                (0,0, {
                    'factor_percent': 100,
                    'repartition_type': 'base',
                }),

                (0,0, {
                    'factor_percent': 100,
                    'repartition_type': 'tax',
                    'account_id': ref('l10n_ar.base_retencion_ganancias_sufrida'),
                }),
            ]"/>
            <field name="refund_repartition_line_ids" eval="[(5, 0, 0),
                (0,0, {
                    'factor_percent': 100,
                    'repartition_type': 'base',
                }),

                (0,0, {
                    'factor_percent': 100,
                    'repartition_type': 'tax',
                    'account_id': ref('l10n_ar.base_retencion_ganancias_sufrida'),
                }),
            ]"/>
            <field name="type_tax_use">customer</field>
            <field name="tax_group_id" ref="l10n_ar_ux.tax_group_retencion_ganancias"/>
        </record>

        <record id="ri_tax_retencion_ganancias_aplicada" model="account.tax.template">
            <field name="chart_template_id" ref="l10n_ar.l10nar_ex_chart_template"/>
            <field name="name">Retención Ganancias Aplicada</field>
            <field name="description">Ret Ganancias A</field>
            <field name="sequence">4</field>
            <field name="amount_type">fixed</field>
            <field eval="0.0" name="amount"/>
            <field name="invoice_repartition_line_ids" eval="[(5, 0, 0),
                (0,0, {
                    'factor_percent': 100,
                    'repartition_type': 'base',
                }),

                (0,0, {
                    'factor_percent': 100,
                    'repartition_type': 'tax',
                    'account_id': ref('l10n_ar.ri_retencion_ganancias_aplicada'),
                    'tag_ids': [(6, 0, [ref('l10n_ar_ux.tag_ret_perc_sicore_aplicada')])],
                }),
            ]"/>
            <field name="refund_repartition_line_ids" eval="[(5, 0, 0),
                (0,0, {
                    'factor_percent': 100,
                    'repartition_type': 'base',
                }),

                (0,0, {
                    'factor_percent': 100,
                    'repartition_type': 'tax',
                    'account_id': ref('l10n_ar.ri_retencion_ganancias_aplicada'),
                    'tag_ids': [(6, 0, [ref('l10n_ar_ux.tag_ret_perc_sicore_aplicada')])],
                }),
            ]"/>
            <field name="type_tax_use">supplier</field>
            <field name="tax_group_id" ref="l10n_ar_ux.tax_group_retencion_ganancias"/>
        </record>

    <!-- Retenciones IIBB -->
        <record id="ri_tax_retencion_iibb_caba_sufrida" model="account.tax.template">
            <field name="chart_template_id" ref="l10n_ar.l10nar_ex_chart_template"/>
            <field name="name">Retención IIBB CABA Sufrida</field>
            <field name="description">Ret IIBB CABA S</field>
            <field name="sequence">4</field>
            <field name="amount_type">fixed</field>
            <field eval="0.0" name="amount"/>
            <field name="invoice_repartition_line_ids" eval="[(5, 0, 0),
                (0,0, {
                    'factor_percent': 100,
                    'repartition_type': 'base',
                }),

                (0,0, {
                    'factor_percent': 100,
                    'repartition_type': 'tax',
                    'account_id': ref('l10n_ar.base_retencion_iibb_caba_sufrida'),
                    'tag_ids': [(6, 0, [ref('l10n_ar_ux.tax_tag_a_cuenta_iibb'), ref('l10n_ar_ux.tag_tax_jurisdiccion_901')])],
                }),
            ]"/>
            <field name="refund_repartition_line_ids" eval="[(5, 0, 0),
                (0,0, {
                    'factor_percent': 100,
                    'repartition_type': 'base',
                }),

                (0,0, {
                    'factor_percent': 100,
                    'repartition_type': 'tax',
                    'account_id': ref('l10n_ar.base_retencion_iibb_caba_sufrida'),
                    'tag_ids': [(6, 0, [ref('l10n_ar_ux.tax_tag_a_cuenta_iibb'), ref('l10n_ar_ux.tag_tax_jurisdiccion_901')])],
                }),
            ]"/>
            <field name="type_tax_use">customer</field>
            <field name="tax_group_id" ref="l10n_ar_ux.tax_group_retencion_iibb"/>
        </record>

        <record id="ri_tax_retencion_iibb_ba_sufrida" model="account.tax.template">
            <field name="chart_template_id" ref="l10n_ar.l10nar_ex_chart_template"/>
            <field name="name">Retención IIBB ARBA Sufrida</field>
            <field name="description">Ret IIBB ARBA S</field>
            <field name="sequence">4</field>
            <field name="amount_type">fixed</field>
            <field eval="0.0" name="amount"/>
            <field name="invoice_repartition_line_ids" eval="[(5, 0, 0),
                (0,0, {
                    'factor_percent': 100,
                    'repartition_type': 'base',
                }),

                (0,0, {
                    'factor_percent': 100,
                    'repartition_type': 'tax',
                    'account_id': ref('l10n_ar.base_retencion_iibb_ba_sufrida'),
                    'tag_ids': [(6, 0, [ref('l10n_ar_ux.tax_tag_a_cuenta_iibb'), ref('l10n_ar_ux.tag_tax_jurisdiccion_902')])],
                }),
            ]"/>
            <field name="refund_repartition_line_ids" eval="[(5, 0, 0),
                (0,0, {
                    'factor_percent': 100,
                    'repartition_type': 'base',
                }),

                (0,0, {
                    'factor_percent': 100,
                    'repartition_type': 'tax',
                    'account_id': ref('l10n_ar.base_retencion_iibb_ba_sufrida'),
                    'tag_ids': [(6, 0, [ref('l10n_ar_ux.tax_tag_a_cuenta_iibb'), ref('l10n_ar_ux.tag_tax_jurisdiccion_902')])],
                }),
            ]"/>
            <field name="type_tax_use">customer</field>
            <field name="tax_group_id" ref="l10n_ar_ux.tax_group_retencion_iibb"/>
        </record>

        <record id="ri_tax_retencion_iibb_co_sufrida" model="account.tax.template">
            <field name="chart_template_id" ref="l10n_ar.l10nar_ex_chart_template"/>
            <field name="name">Retención IIBB Córdoba Sufrida</field>
            <field name="description">Ret IIBB Córdoba S</field>
            <field name="sequence">4</field>
            <field name="amount_type">fixed</field>
            <field eval="0.0" name="amount"/>
            <field name="invoice_repartition_line_ids" eval="[(5, 0, 0),
                (0,0, {
                    'factor_percent': 100,
                    'repartition_type': 'base',
                }),

                (0,0, {
                    'factor_percent': 100,
                    'repartition_type': 'tax',
                    'account_id': ref('l10n_ar.base_retencion_iibb_co_sufrida'),
                    'tag_ids': [(6, 0, [ref('l10n_ar_ux.tax_tag_a_cuenta_iibb'), ref('l10n_ar_ux.tag_tax_jurisdiccion_904')])],
                }),
            ]"/>
            <field name="refund_repartition_line_ids" eval="[(5, 0, 0),
                (0,0, {
                    'factor_percent': 100,
                    'repartition_type': 'base',
                }),

                (0,0, {
                    'factor_percent': 100,
                    'repartition_type': 'tax',
                    'account_id': ref('l10n_ar.base_retencion_iibb_co_sufrida'),
                    'tag_ids': [(6, 0, [ref('l10n_ar_ux.tax_tag_a_cuenta_iibb'), ref('l10n_ar_ux.tag_tax_jurisdiccion_904')])],
                }),
            ]"/>
            <field name="type_tax_use">customer</field>
            <field name="tax_group_id" ref="l10n_ar_ux.tax_group_retencion_iibb"/>
        </record>

        <record id="ri_tax_retencion_iibb_sf_sufrida" model="account.tax.template">
            <field name="chart_template_id" ref="l10n_ar.l10nar_ex_chart_template"/>
            <field name="name">Retención IIBB Santa Fé Sufrida</field>
            <field name="description">Ret IIBB Santa Fé S</field>
            <field name="sequence">4</field>
            <field name="amount_type">fixed</field>
            <field eval="0.0" name="amount"/>
            <field name="invoice_repartition_line_ids" eval="[(5, 0, 0),
                (0,0, {
                    'factor_percent': 100,
                    'repartition_type': 'base',
                }),

                (0,0, {
                    'factor_percent': 100,
                    'repartition_type': 'tax',
                    'account_id': ref('l10n_ar.base_retencion_iibb_sf_sufrida'),
                    'tag_ids': [(6, 0, [ref('l10n_ar_ux.tax_tag_a_cuenta_iibb'), ref('l10n_ar_ux.tag_tax_jurisdiccion_921')])],
                }),
            ]"/>
            <field name="refund_repartition_line_ids" eval="[(5, 0, 0),
                (0,0, {
                    'factor_percent': 100,
                    'repartition_type': 'base',
                }),

                (0,0, {
                    'factor_percent': 100,
                    'repartition_type': 'tax',
                    'account_id': ref('l10n_ar.base_retencion_iibb_sf_sufrida'),
                    'tag_ids': [(6, 0, [ref('l10n_ar_ux.tax_tag_a_cuenta_iibb'), ref('l10n_ar_ux.tag_tax_jurisdiccion_921')])],
                }),
            ]"/>
            <field name="type_tax_use">customer</field>
            <field name="tax_group_id" ref="l10n_ar_ux.tax_group_retencion_iibb"/>
        </record>

        <record id="ri_tax_retencion_iibb_aplicada" model="account.tax.template">
            <field name="chart_template_id" ref="l10n_ar.l10nar_ex_chart_template"/>
            <field name="name">Retención IIBB Aplicada</field>
            <field name="description">Ret IIBB A</field>
            <field name="sequence">4</field>
            <field name="amount_type">fixed</field>
            <field eval="0.0" name="amount"/>
            <field name="invoice_repartition_line_ids" eval="[(5, 0, 0),
                (0,0, {
                    'factor_percent': 100,
                    'repartition_type': 'base',
                }),

                (0,0, {
                    'factor_percent': 100,
                    'repartition_type': 'tax',
                    'account_id': ref('l10n_ar.ri_retencion_iibb_aplicada'),
                    'tag_ids': [(6, 0, [ref('l10n_ar_ux.tag_ret_perc_iibb_aplicada')])],
                }),
            ]"/>
            <field name="refund_repartition_line_ids" eval="[(5, 0, 0),
                (0,0, {
                    'factor_percent': 100,
                    'repartition_type': 'base',
                }),

                (0,0, {
                    'factor_percent': 100,
                    'repartition_type': 'tax',
                    'account_id': ref('l10n_ar.ri_retencion_iibb_aplicada'),
                    'tag_ids': [(6, 0, [ref('l10n_ar_ux.tag_ret_perc_iibb_aplicada')])],
                }),
            ]"/>
            <field name="type_tax_use">supplier</field>
            <field name="tax_group_id" ref="l10n_ar_ux.tax_group_retencion_iibb"/>
        </record>

    <!-- Retenciones iva -->
        <record id="ri_tax_retencion_iva_aplicada" model="account.tax.template">
            <field name="chart_template_id" ref="l10n_ar.l10nar_ex_chart_template"/>
            <field name="name">Retención IVA Aplicada</field>
            <field name="description">Ret IVA A</field>
            <field name="sequence">4</field>
            <field name="amount_type">fixed</field>
            <field eval="0.0" name="amount"/>
            <field name="invoice_repartition_line_ids" eval="[(5, 0, 0),
                (0,0, {
                    'factor_percent': 100,
                    'repartition_type': 'base',
                }),

                (0,0, {
                    'factor_percent': 100,
                    'repartition_type': 'tax',
                    'account_id': ref('l10n_ar.ri_retencion_iva_aplicada'),
                    'tag_ids': [(6, 0, [ref('l10n_ar_ux.tag_ret_perc_sicore_aplicada')])],
                }),
            ]"/>
            <field name="refund_repartition_line_ids" eval="[(5, 0, 0),
                (0,0, {
                    'factor_percent': 100,
                    'repartition_type': 'base',
                }),

                (0,0, {
                    'factor_percent': 100,
                    'repartition_type': 'tax',
                    'account_id': ref('l10n_ar.ri_retencion_iva_aplicada'),
                    'tag_ids': [(6, 0, [ref('l10n_ar_ux.tag_ret_perc_sicore_aplicada')])],
                }),
            ]"/>
            <field name="type_tax_use">supplier</field>
            <field name="tax_group_id" ref="l10n_ar_ux.tax_group_retencion_iva"/>
        </record>

<!-- SOLO RI -->
    <!-- Retenciones iva -->
        <record id="ri_tax_retencion_iva_sufrida" model="account.tax.template">
            <field name="chart_template_id" ref="l10n_ar.l10nar_ri_chart_template"/>
            <field name="name">Retención IVA Sufrida</field>
            <field name="description">Ret IVA S</field>
            <field name="sequence">4</field>
            <field name="amount_type">fixed</field>
            <field eval="0.0" name="amount"/>
            <field name="invoice_repartition_line_ids" eval="[(5, 0, 0),
                (0,0, {
                    'factor_percent': 100,
                    'repartition_type': 'base',
                }),

                (0,0, {
                    'factor_percent': 100,
                    'repartition_type': 'tax',
                    'account_id': ref('l10n_ar.ri_retencion_iva_sufrida'),
                }),
            ]"/>
            <field name="refund_repartition_line_ids" eval="[(5, 0, 0),
                (0,0, {
                    'factor_percent': 100,
                    'repartition_type': 'base',
                }),

                (0,0, {
                    'factor_percent': 100,
                    'repartition_type': 'tax',
                    'account_id': ref('l10n_ar.ri_retencion_iva_sufrida'),
                }),
            ]"/>
            <field name="type_tax_use">customer</field>
            <field name="tax_group_id" ref="l10n_ar_ux.tax_group_retencion_iva"/>
        </record>

  </data>
</odoo>
