id,name,model_id:id,group_id:id,perm_read,perm_write,perm_create,perm_unlink
access_afip_tabla_ganancias_escala_manager,access_afip_tabla_ganancias_escala_manager,model_afip_tabla_ganancias_escala,account.group_account_manager,1,1,1,1
access_afip_tabla_ganancias_escala_all,access_afip_tabla_ganancias_escala_all,model_afip_tabla_ganancias_escala,,1,0,0,0
access_afip_tabla_ganancias_alicuotasymontos_manager,access_afip_tabla_ganancias_alicuotasymontos_manager,model_afip_tabla_ganancias_alicuotasymontos,account.group_account_manager,1,1,1,1
access_afip_tabla_ganancias_alicuotasymontos_all,access_afip_tabla_ganancias_alicuotasymontos_all,model_afip_tabla_ganancias_alicuotasymontos,,1,0,0,0
access_res_partner_arba_alicuot_all,access_res_partner_arba_alicuot_all,model_res_partner_arba_alicuot,base.group_user,1,0,0,0
access_res_partner_arba_alicuot_manager,access_res_partner_arba_alicuot_manager,model_res_partner_arba_alicuot,account.group_account_manager,1,1,1,1
